URL,itemID,タイトル,売り切れ,状態,商品価格,写真URL,商品説明,Title,Description,出品する価格（ドル）,ConditionID,価格上昇有無,仕入れ価格（円）,売り切れチェック時間
https://jp.mercari.com/item/m53050750195,,mont-bell モンベル　ナイロンマウンテンパーカー,,目立った傷や汚れなし細かな使用感・傷・汚れはあるが、目立たない,"¥9,800",https://static.mercdn.net/item/detail/orig/photos/m53050750195_1.jpg?1764822465|https://static.mercdn.net/item/detail/orig/photos/m53050750195_2.jpg?1764822465|https://static.mercdn.net/item/detail/orig/photos/m53050750195_3.jpg?1764822465|https://static.mercdn.net/item/detail/orig/photos/m53050750195_4.jpg?1764822465|https://static.mercdn.net/item/detail/orig/photos/m53050750195_5.jpg?1764822465|https://static.mercdn.net/item/detail/orig/photos/m53050750195_6.jpg?1764822465|https://static.mercdn.net/item/detail/orig/photos/m53050750195_7.jpg?1764822465|https://static.mercdn.net/item/detail/orig/photos/m53050750195_8.jpg?1764822465|https://static.mercdn.net/item/detail/orig/photos/m53050750195_9.jpg?1764822465|https://static.mercdn.net/item/detail/orig/photos/m53050750195_10.jpg?1764822465|https://static.mercdn.net/item/detail/orig/photos/m53050750195_11.jpg?1764822465,"ご覧頂きありがとうございます

mont-bell モンベル
ナイロンマウンテンパーカー

カラー　ブラック/グレー
着丈　72センチ
身幅　60センチ

目立つ汚れはございません
どうぞ宜しくお願いいたします

ネイバーフッド　
クライミー　
キャリー
クーティ
シュプリーム
ニューバランス
東洋エンタープライズ
バズリクソンズ
サンサーフ
チャンピオン
ウエアハウス
パタゴニア
ノースフェイス
アークテリクス
ワンディエルケー
ミルクボーイ
アベイシングエイプ
ダイム
クリーク
ダブルワークス
バンズ
サンタクルーズ
キングルイ
スウイングスター
ネイバーフッド
フレッドペリー
ブルックスブラザーズ
ウィアード
ジャックパーセル
ラッセル
ダブルタップス
マスターマインド
エイプ
アディダス
コンバース
ニューバランス
パタゴニア
ノースフェイス
ステューシー
オールドステューシー
FTC
FAT
ナイキ
アディダス
ラルフローレン
ラッセル
ダブルタップス
マスターマインド
エイプ
アディダス
コンバース
ウエポン
ジェンダ　
ヴェトモン　
ラフシモンズ　
シュプリーム　
フラグスタフ
LONELY論理　
MSGM 　
BlackEyePatch 
FR2 OY AKIRA 
ブラックアイパッチ　
FCRB 
ゴッドセレクション 
ノーアイディー　
ダンケシェーン　
ヨウジヤマモト　
ブラックアイパッチ　　 　
ヴィンテージ
ビリオネアボーイズクラブ
アンチソーシャル
デッドストック
アイアンクロス
ビンテージ
カーハート
Carhartt
アムーダーズ
マジェスティック
スターター
リーバイス
トリコロールタグ
カレッジ
銀タグ
カブー
グラミチ
USA
スクリーンスターズ
ジャージーズ
ビッグビル
バックドロップ
ペインター
ウィアード
サロモン　
ラッツ
マルボロ
グレゴリー
ARMY
リバースウィーブ
キャピタル
エクストララージ
ディッキーズ
スラッシャー
ランタグ
ビンテージ
インディペンデント
ヒステリックグラマー
チャレンジャー
アベイシングエイプ　
トレフォイル
M&M
T1011
パウエル
エメリカ
トイマシーン
ニューエラ",,,114.1935484,3000,,,
https://jp.mercari.com/item/m74315748882,,mont-bell O.D.アノラックパーカー　カーキ色　XLサイズ,,目立った傷や汚れなし細かな使用感・傷・汚れはあるが、目立たない,"¥8,950",https://static.mercdn.net/item/detail/orig/photos/m74315748882_1.jpg?1775385045|https://static.mercdn.net/item/detail/orig/photos/m74315748882_2.jpg?1775385045|https://static.mercdn.net/item/detail/orig/photos/m74315748882_3.jpg?1775385045,"春や秋にぴったりの流行りのアノラックパーカーです！
2.3回着用して着なくなったので出品いたします。177センチ65キロの私が着て少しゆとりがある感じで着用できるのでおすすめです！値下げ交渉オッケーです！

仕様
素材】70デニール・フルダル・スパンライク・ナイロン・タッサー［はっ水加工］
平均重量】296g

コットンのような柔らかさと肌触りを持つアノラックです。適度なゆとりを持たせたシルエットで、軽やかな着心地。襟には芯地を入れてコシを持たせることで、首回りをすっきりとさせています。フロント部分には、カンガルーポケットと左右両側からアクセスできる腰ポケットを配置しています。



肩幅/身幅/袖丈/着丈
肩幅···52cm
カラー···グリーン系

肩幅/身幅/袖丈/着丈
肩幅···52cm
身幅···64cm
袖丈···68cm
着丈···73cm",,,105.9677419,3000,,,
https://jp.mercari.com/item/m24583495329,,mont-bell nylon jacket y2k 00s 短丈 cboy,,未使用に近い数回使用し、あまり使用感がない,"¥9,500",https://static.mercdn.net/item/detail/orig/photos/m24583495329_1.jpg?1774628312|https://static.mercdn.net/item/detail/orig/photos/m24583495329_2.jpg?1774628312|https://static.mercdn.net/item/detail/orig/photos/m24583495329_3.jpg?1773849541|https://static.mercdn.net/item/detail/orig/photos/m24583495329_4.jpg?1773849541|https://static.mercdn.net/item/detail/orig/photos/m24583495329_5.jpg?1773849541|https://static.mercdn.net/item/detail/orig/photos/m24583495329_6.jpg?1773849541|https://static.mercdn.net/item/detail/orig/photos/m24583495329_7.jpg?1773849541|https://static.mercdn.net/item/detail/orig/photos/m24583495329_8.jpg?1773849541|https://static.mercdn.net/item/detail/orig/photos/m24583495329_9.jpg?1773849541|https://static.mercdn.net/item/detail/orig/photos/m24583495329_10.jpg?1773849541|https://static.mercdn.net/item/detail/orig/photos/m24583495329_11.jpg?1773849541|https://static.mercdn.net/item/detail/orig/photos/m24583495329_12.jpg?1773849541|https://static.mercdn.net/item/detail/orig/photos/m24583495329_13.jpg?1773849541,"モンベル　防水
2度着用のほぼ未使用です。
ナイロンジャケット
これからの季節に大活躍です！
トレンドなチェック柄で大人なコーディネートを◎

平置き寸法　サイズ表記L
裾ドローコードでシルエット調整可能❗️

裄丈　約85cm
身幅　約57cm
着丈　約68cm 

専用不可/着画不可
身長何センチで着用系/サイズ感教えて下さい等の質問不可
上記の実寸サイズにてご自身でご判断下さい

素人採寸なので多少の誤差はご了承下さい。

古着ならではの使用感、若干の薄シミ等ある可能性がありますが、目立った破れや汚れ等無くまだまだ御着用して頂けます。

あくまでUSED品なので、古着に理解のある方の購入をお待ちしてます。

発送は折りたたんで圧縮して行います。

ダウンジャケット ダウンパーカ
ダウンセーター　y2k  テックDelta Ridge Ii Down Jacket mont-bell ネージュダウン
デルタリッジダウンジャケット
シティボーイY2K 韓国ストリートモード フェアリーコア ロリータ ボーイッシュ  ミリタリー アメカジ カジュアルストリート ヴィンテージ ギャル ナチュラル  スケーター アーバン ロック レトロ テック 平成ギャル ギャル男 フェアリーグランジ ヴィンテージスタイル 80s 90s 00s ファーパーカーoldgap  gap old コロンビア　Colombia パタゴニア  Patagonia 70s  80s  90s ヴィンテージ ビンテージ USA LLBEAN エルエルビーン llbeen eddiebauer エディーバウアー OLDGAP ギャップ old gap コムデギャルソン、ジュンヤワタナベ、マルタンマルジェラ90s古着　ラルフローレン、ビームス、ユナイテッドアローズ、カーハートシュプリーム、ステューシー、リーバイス　US ARMY タウンクラフト、ペンドルトンリアルマッコイズファイブブラザーズ、Vintage アメカジ、アメリカ古着、キムタク、RRLマクレガーウールリッチ、ミリタリー、40s 50s 60s 70s 80s 90s  ape stussy 古着 USA 製 MADE IN USA 菅田将暉 リバースウィーブ チャンピオン nike ナイキ old オールド ヴィンテージ ビンテージ0006",,,111.2903226,1000,,,
https://jp.mercari.com/item/m48607877109,,　モンベル mont-bell ウインドブラストパーカ ネイビー XL,,目立った傷や汚れなし細かな使用感・傷・汚れはあるが、目立たない,"¥6,500",https://static.mercdn.net/item/detail/orig/photos/m48607877109_1.jpg?1775395558|https://static.mercdn.net/item/detail/orig/photos/m48607877109_2.jpg?1775395558|https://static.mercdn.net/item/detail/orig/photos/m48607877109_3.jpg?1775395558|https://static.mercdn.net/item/detail/orig/photos/m48607877109_4.jpg?1775395558|https://static.mercdn.net/item/detail/orig/photos/m48607877109_5.jpg?1775395558|https://static.mercdn.net/item/detail/orig/photos/m48607877109_6.jpg?1775395558|https://static.mercdn.net/item/detail/orig/photos/m48607877109_7.jpg?1775395558|https://static.mercdn.net/item/detail/orig/photos/m48607877109_8.jpg?1775395558|https://static.mercdn.net/item/detail/orig/photos/m48607877109_9.jpg?1775395558|https://static.mercdn.net/item/detail/orig/photos/m48607877109_10.jpg?1775395558|https://static.mercdn.net/item/detail/orig/photos/m48607877109_11.jpg?1775395558,"
モンベル mont-bell 
ウインドブラストパーカ 
Men's（メンズ）
1103242

色：ネイビー　紺
サイズ: XL
付属品無し

●状態
使用回数少なく、目立つ汚れやダメージはありません。比較的キレイな状態です。

あくまでもUSED品となりますので神経質な方はご遠慮ください。

●サイズ
表記サイズXLサイズ
〜採寸寸法〜
身幅約62cm
着丈約71cm
裄丈約90cm

素人採寸の為、多少の誤差はご容赦ください。

●配送
小さくコンパクトにして簡易梱包にての発送になります。

sr080302",,,82.25806452,3000,,,
https://jp.mercari.com/item/m78541679394,,montbell tech nylon shell jacket y2k 00s,,目立った傷や汚れなし細かな使用感・傷・汚れはあるが、目立たない,"¥4,480",https://static.mercdn.net/item/detail/orig/photos/m78541679394_1.jpg?1769224689|https://static.mercdn.net/item/detail/orig/photos/m78541679394_2.jpg?1769224689|https://static.mercdn.net/item/detail/orig/photos/m78541679394_3.jpg?1769224689|https://static.mercdn.net/item/detail/orig/photos/m78541679394_4.jpg?1769224689|https://static.mercdn.net/item/detail/orig/photos/m78541679394_5.jpg?1769224689|https://static.mercdn.net/item/detail/orig/photos/m78541679394_6.jpg?1769224689|https://static.mercdn.net/item/detail/orig/photos/m78541679394_7.jpg?1769224689|https://static.mercdn.net/item/detail/orig/photos/m78541679394_8.jpg?1769224689|https://static.mercdn.net/item/detail/orig/photos/m78541679394_9.jpg?1769224689,"◯商品
mont-bell モンベル 
ナイロン ジャケット テック cityboy テック系 
青　ブルー ノームコア ゴープコア 短丈 シェルジャケット ライトシェル　ナイロンジャケット　
ドローコード　テック系 ギミック　フード絞り

◯状態
着用感あるものの表面には気になる汚れや傷ナシ。
シームテープは劣化ありますので、気になる方は剥がすか、市販のシームテープで補修してもらえればまだまだ着用できます。

Montbellのライトシェルパーカー
ドローコード付きで丈調整、フード絞り可能
薄手のため重ね着や春先の1着にぴったりです。

◯サイズ
XL
着丈　66cm
身幅　59cm
袖丈　80cm
肩幅はラグラン仕様

スポーツウェア　リンガーTシャツ　ピチT
オールド ユニクロ フルジップ スウェット パーカー ダブルジップ 短丈 霜降り グレー 灰色 プレーン 平成 archive opium y2k double zip up hoodie 裏パイル cityboy シティボーイ グランジ grunge お兄系 ストリート テック ノームコア
90s 00s オールド ユニクロ OLD UNIQLO 紺タグ  サンフェード パーカー スウェット トレーナー プルオーバー プルパーカー フード フーデ archive ヴィンテージ Y2K 一点物 opium 雰囲気系 短丈 無地 ラッセルアスレチックス champion Polo ラルフローレン usa古着 山田蓮 rachel着用 RRL NIKE adidas デサント あいみょん 在原みゆ紀 小松菜奈 柴田ひかり 菅田将暉 アメカジ バイカー ノームコア ゴープコア アート レトロ  レア 珍品 入手困難 個性的 ドスペ ストリート 鬼フェード ボロ カートコバーン アウトドア 木村拓哉 cityboy c-boy b-boy 海外ストリート カモフラ 迷彩 バギー 90s 00s グッドレギュラー OLD シティーボーイ ゴープコア サーフ系 70s 80s グランジ スケーター y2k テック系 USA製 ヴィンテージ ビンテージ vintage archive 古着 used などが好きな方、是非。",,,62.70967742,3000,,,